{
  "precision@10": 0.028825440246195936,
  "recall@10": 0.05197420802268464,
  "ndcg@10": 0.04331710945853898,
  "n_users_evaluated": 5849
}