{
  "models": {
    "popularity": {
      "overall": {
        "precision@10": 0.0158,
        "recall@10": 0.03113824532190125,
        "ndcg@10": 0.025345932763807137,
        "n_users_evaluated": 5000
      },
      "segments": {},
      "popularity_bias": 1.0,
      "genre_diversity": 0.0
    },
    "collaborative_filter": {
      "overall": {
        "precision@10": 0.029620000000000004,
        "recall@10": 0.06441998880949898,
        "ndcg@10": 0.04836537813730168,
        "n_users_evaluated": 5000
      },
      "segments": {},
      "popularity_bias": 0.254,
      "genre_diversity": 0.0
    },
    "content_based": {
      "overall": {
        "precision@10": 0.00056,
        "recall@10": 0.0010836334749834567,
        "ndcg@10": 0.0009372963299741283,
        "n_users_evaluated": 5000
      },
      "segments": {},
      "popularity_bias": 0.001,
      "genre_diversity": 0.0
    },
    "hybrid_reranker": {
      "overall": {
        "precision@10": 0.036860000000000004,
        "recall@10": 0.07521345056245898,
        "ndcg@10": 0.05957011575119727,
        "n_users_evaluated": 5000
      },
      "segments": {},
      "popularity_bias": 0.419,
      "genre_diversity": 0.0
    }
  },
  "feature_importance": {
    "cf_score": 1198,
    "genre_overlap": 1133,
    "content_score": 995,
    "user_interaction_count": 927,
    "avg_rating": 739,
    "pop_score": 548,
    "rating_count": 460
  },
  "dataset_stats": {
    "n_users": 162541,
    "n_movies": 62423,
    "n_ratings_train": 19936012,
    "sparsity": 0.998
  },
  "failure_rate": 0.715
}