{
  "models": {
    "popularity": {
      "overall": {
        "precision@10": 0.0158,
        "recall@10": 0.03113824532190125,
        "ndcg@10": 0.025345932763807137,
        "n_users_evaluated": 5000
      },
      "segments": {},
      "popularity_bias": 1.0,
      "genre_diversity": 0.0
    },
    "collaborative_filter": {
      "overall": {
        "precision@10": 0.02986,
        "recall@10": 0.06328736699598003,
        "ndcg@10": 0.04883149748839299,
        "n_users_evaluated": 5000
      },
      "segments": {},
      "popularity_bias": 0.256,
      "genre_diversity": 0.0
    },
    "content_based": {
      "overall": {
        "precision@10": 0.00064,
        "recall@10": 0.0010527728237972184,
        "ndcg@10": 0.0008477520160947916,
        "n_users_evaluated": 5000
      },
      "segments": {},
      "popularity_bias": 0.005,
      "genre_diversity": 0.0
    },
    "hybrid_reranker": {
      "overall": {
        "precision@10": 0.033,
        "recall@10": 0.06300240072476836,
        "ndcg@10": 0.05175758871115204,
        "n_users_evaluated": 5000
      },
      "segments": {},
      "popularity_bias": 0.348,
      "genre_diversity": 0.0
    }
  },
  "feature_importance": {
    "genre_overlap": 1270,
    "cf_score": 1193,
    "user_interaction_count": 1155,
    "avg_rating": 895,
    "pop_score": 671,
    "rating_count": 613,
    "content_score": 203
  },
  "dataset_stats": {
    "n_users": 162541,
    "n_movies": 62423,
    "n_ratings_train": 19936012,
    "sparsity": 0.998
  },
  "failure_rate": 0.747
}