{
  "precision@10": 0.008548469823901521,
  "recall@10": 0.014867807613968281,
  "ndcg@10": 0.012814716736652182,
  "n_users_evaluated": 5849
}