{
  "precision@10": 0.03752778252692768,
  "recall@10": 0.06207142989912291,
  "ndcg@10": 0.05415384820553271,
  "n_users_evaluated": 5849
}