{
  "precision@10": 0.04087878269789708,
  "recall@10": 0.04463636608312638,
  "ndcg@10": 0.051974718472817094,
  "n_users_evaluated": 5849
}